{
	"info": {
		"_postman_id": "c8377b9d-26df-468c-9eb9-b365d8ea6338",
		"name": "FilmEs_v2",
		"schema": "https://schema.getpostman.com/json/collection/v2.1.0/collection.json"
	},
	"item": [
		{
			"name": "localhost:8080/pelicules",
			"request": {
				"method": "GET",
				"header": [],
				"url": {
					"raw": "localhost:8080/pelicules",
					"host": [
						"localhost"
					],
					"port": "8080",
					"path": [
						"pelicules"
					]
				}
			},
			"response": []
		},
		{
			"name": "localhost:8080/pelicules/:id",
			"request": {
				"method": "GET",
				"header": [],
				"url": {
					"raw": "localhost:8080/pelicules/:id",
					"host": [
						"localhost"
					],
					"port": "8080",
					"path": [
						"pelicules",
						":id"
					],
					"variable": [
						{
							"key": "id",
							"value": null
						}
					]
				}
			},
			"response": []
		},
		{
			"name": "localhost:8080/pelicules/valoracio/:valoracio",
			"request": {
				"method": "GET",
				"header": [],
				"url": {
					"raw": "localhost:8080/pelicules/valoracio/:valoracio",
					"host": [
						"localhost"
					],
					"port": "8080",
					"path": [
						"pelicules",
						"valoracio",
						":valoracio"
					],
					"variable": [
						{
							"key": "valoracio",
							"value": null
						}
					]
				}
			},
			"response": []
		},
		{
			"name": "localhost:8080/pelicules/plataforma/:plataforma",
			"request": {
				"method": "GET",
				"header": [],
				"url": {
					"raw": "localhost:8080/pelicules/plataforma/:plataforma",
					"host": [
						"localhost"
					],
					"port": "8080",
					"path": [
						"pelicules",
						"plataforma",
						":plataforma"
					],
					"variable": [
						{
							"key": "plataforma",
							"value": null
						}
					]
				}
			},
			"response": []
		},
		{
			"name": "localhost:8080/pelicules",
			"request": {
				"method": "POST",
				"header": [],
				"body": {
					"mode": "raw",
					"raw": "{\"titul\":\"\",\"duracio\":0,\"genere\":\"\",\"valoracio\":0}",
					"options": {
						"raw": {
							"language": "json"
						}
					}
				},
				"url": {
					"raw": "localhost:8080/pelicules",
					"host": [
						"localhost"
					],
					"port": "8080",
					"path": [
						"pelicules"
					]
				}
			},
			"response": []
		},
		{
			"name": "localhost:8080/pelicules/:id",
			"request": {
				"method": "PUT",
				"header": [],
				"body": {
					"mode": "raw",
					"raw": "{\"titul\":\"\",\"duracio\":0,\"genere\":\"\",\"valoracio\":0}",
					"options": {
						"raw": {
							"language": "json"
						}
					}
				},
				"url": {
					"raw": "localhost:8080/pelicules/:id",
					"host": [
						"localhost"
					],
					"port": "8080",
					"path": [
						"pelicules",
						":id"
					],
					"variable": [
						{
							"key": "id",
							"value": null
						}
					]
				}
			},
			"response": []
		},
		{
			"name": "localhost:8080/pelicules/plataforma/:plataforma",
			"request": {
				"method": "PUT",
				"header": [],
				"body": {
					"mode": "raw",
					"raw": "{\"nom\":\"Notflix\", \"data\": \"2020-12-12\", \"quantitat\": \"premium\"}",
					"options": {
						"raw": {
							"language": "json"
						}
					}
				},
				"url": {
					"raw": "localhost:8080/pelicules/plataforma/:plataforma",
					"host": [
						"localhost"
					],
					"port": "8080",
					"path": [
						"pelicules",
						"plataforma",
						":plataforma"
					],
					"variable": [
						{
							"key": "plataforma",
							"value": null
						}
					]
				}
			},
			"response": []
		},
		{
			"name": "localhost:8080/pelicules/:id",
			"request": {
				"method": "DELETE",
				"header": [],
				"url": {
					"raw": "localhost:8080/pelicules/:id",
					"host": [
						"localhost"
					],
					"port": "8080",
					"path": [
						"pelicules",
						":id"
					],
					"variable": [
						{
							"key": "id",
							"value": null
						}
					]
				}
			},
			"response": []
		},
		{
			"name": "localhost:8080/directors",
			"request": {
				"method": "GET",
				"header": [],
				"url": {
					"raw": "localhost:8080/directors",
					"host": [
						"localhost"
					],
					"port": "8080",
					"path": [
						"directors"
					]
				}
			},
			"response": []
		},
		{
			"name": "localhost:8080/directors/:id",
			"request": {
				"method": "GET",
				"header": [],
				"url": {
					"raw": "localhost:8080/directors/:id",
					"host": [
						"localhost"
					],
					"port": "8080",
					"path": [
						"directors",
						":id"
					],
					"variable": [
						{
							"key": "id",
							"value": null
						}
					]
				}
			},
			"response": []
		},
		{
			"name": "localhost:8080/directors",
			"request": {
				"method": "POST",
				"header": [],
				"url": {
					"raw": "localhost:8080/directors",
					"host": [
						"localhost"
					],
					"port": "8080",
					"path": [
						"directors"
					]
				}
			},
			"response": []
		},
		{
			"name": "localhost:8080/directors/:id",
			"request": {
				"method": "DELETE",
				"header": [],
				"url": {
					"raw": "localhost:8080/directors/:id",
					"host": [
						"localhost"
					],
					"port": "8080",
					"path": [
						"directors",
						":id"
					],
					"variable": [
						{
							"key": "id",
							"value": null
						}
					]
				}
			},
			"response": []
		}
	]
}